{"cameraMode":{"drawMode":0,"name":"Shaded","section":"Shading Mode"},"sceneLighting":true,"audioPlay":false,"sceneViewState":{"showFog":true,"showMaterialUpdate":false,"showSkybox":true,"showFlares":true,"showImageEffects":true,"showParticleSystems":true},"in2DMode":false,"pivot":{"x":3.7813174724578859,"y":3.077301502227783,"z":33.538124084472659},"rotation":{"x":-0.01705796830356121,"y":0.0716649740934372,"z":-0.001218427554704249,"w":-0.9973761439323425},"size":14.946054458618164,"orthographic":false}