{"cameraMode":{"drawMode":0,"name":"Shaded","section":"Shading Mode"},"sceneLighting":false,"audioPlay":false,"sceneViewState":{"showFog":true,"showMaterialUpdate":false,"showSkybox":false,"showFlares":true,"showImageEffects":true,"showParticleSystems":true},"in2DMode":false,"pivot":{"x":-6.279766082763672,"y":14.227678298950196,"z":73.23495483398438},"rotation":{"x":0.12679354846477509,"y":0.48922809958457949,"z":0.07216289639472962,"w":-0.8599770069122315},"size":36.89602279663086,"orthographic":false}