{"cameraMode":{"drawMode":0,"name":"Shaded","section":"Shading Mode"},"sceneLighting":true,"audioPlay":false,"sceneViewState":{"showFog":true,"showMaterialUpdate":false,"showSkybox":true,"showFlares":true,"showImageEffects":true,"showParticleSystems":true},"in2DMode":false,"pivot":{"x":-0.6306173801422119,"y":3.6686244010925295,"z":10.234455108642579},"rotation":{"x":0.012785538099706173,"y":0.9829233288764954,"z":0.07474242895841599,"w":-0.16791996359825135},"size":6.113124847412109,"orthographic":false}