{"cameraMode":{"drawMode":0,"name":"Shaded","section":"Shading Mode"},"sceneLighting":true,"audioPlay":false,"sceneViewState":{"showFog":true,"showMaterialUpdate":false,"showSkybox":true,"showFlares":true,"showImageEffects":true,"showParticleSystems":true},"in2DMode":false,"pivot":{"x":1.2967020273208619,"y":15.837190628051758,"z":6.990180969238281},"rotation":{"x":-0.1366521716117859,"y":-0.021066192537546159,"z":0.002945028245449066,"w":-0.9904788136482239},"size":28.150882720947267,"orthographic":false}