{"cameraMode":{"drawMode":0,"name":"Shaded","section":"Shading Mode"},"sceneLighting":false,"audioPlay":false,"sceneViewState":{"showFog":true,"showMaterialUpdate":false,"showSkybox":false,"showFlares":true,"showImageEffects":true,"showParticleSystems":true},"in2DMode":false,"pivot":{"x":3.2782554626464846e-7,"y":0.5646388530731201,"z":1.1920928955078126e-7},"rotation":{"x":0.043409328907728198,"y":-0.8887442350387573,"z":0.44822102785110476,"w":0.08614737540483475},"size":2.2206192016601564,"orthographic":false}