{"cameraMode":{"drawMode":0,"name":"Shaded","section":"Shading Mode"},"sceneLighting":true,"audioPlay":false,"sceneViewState":{"showFog":true,"showMaterialUpdate":false,"showSkybox":false,"showFlares":true,"showImageEffects":true,"showParticleSystems":true},"in2DMode":false,"pivot":{"x":-1.1565098762512208,"y":-0.7020907402038574,"z":0.628629207611084},"rotation":{"x":-0.09088055044412613,"y":-0.7628233432769775,"z":0.10991300642490387,"w":-0.6307228803634644},"size":1.9578838348388672,"orthographic":false}