{"cameraMode":{"drawMode":0,"name":"Shaded","section":"Shading Mode"},"sceneLighting":true,"audioPlay":false,"sceneViewState":{"showFog":true,"showMaterialUpdate":false,"showSkybox":true,"showFlares":true,"showImageEffects":true,"showParticleSystems":true},"in2DMode":false,"pivot":{"x":17.433813095092775,"y":5.243846893310547,"z":50.27904510498047},"rotation":{"x":-0.01406063325703144,"y":0.2184041142463684,"z":0.003100624307990074,"w":0.9758204817771912},"size":23.852270126342775,"orthographic":false}