{"cameraMode":{"drawMode":0,"name":"Shaded","section":"Shading Mode"},"sceneLighting":true,"audioPlay":false,"sceneViewState":{"showFog":true,"showMaterialUpdate":false,"showSkybox":true,"showFlares":true,"showImageEffects":true,"showParticleSystems":true},"in2DMode":false,"pivot":{"x":0.034004926681518558,"y":2.153745651245117,"z":32.33380889892578},"rotation":{"x":-0.12609454989433289,"y":0.05360094830393791,"z":-0.006756752263754606,"w":-0.9906471371650696},"size":58.58780288696289,"orthographic":false}