{"cameraMode":{"drawMode":0,"name":"Shaded","section":"Shading Mode"},"sceneLighting":true,"audioPlay":false,"sceneViewState":{"showFog":true,"showMaterialUpdate":false,"showSkybox":true,"showFlares":true,"showImageEffects":true,"showParticleSystems":true},"in2DMode":false,"pivot":{"x":107.20922088623047,"y":3.729278326034546,"z":-10.61079216003418},"rotation":{"x":-0.020375382155179979,"y":0.04916050657629967,"z":0.0009581758640706539,"w":0.9986491799354553},"size":-0.8547655940055847,"orthographic":false}