{"cameraMode":{"drawMode":0,"name":"Shaded","section":"Shading Mode"},"sceneLighting":true,"audioPlay":false,"sceneViewState":{"showFog":true,"showMaterialUpdate":false,"showSkybox":true,"showFlares":true,"showImageEffects":true,"showParticleSystems":true},"in2DMode":false,"pivot":{"x":-1.7804632186889649,"y":5.1379923820495609,"z":5.372495651245117},"rotation":{"x":-0.05293969437479973,"y":0.07306735962629318,"z":-0.003867975901812315,"w":-0.9959967732429504},"size":26.014402389526368,"orthographic":false}